customer_id,name,age,gender,city,signup_date
10001,Allison Hill,56,Male,Raymondview,2025-02-18
10002,Noah Rhodes,69,Female,North Anthony,2023-07-12
10003,Angie Henderson,46,Female,South April,2024-09-13
10004,Daniel Wagner,32,Female,West Kimberlymouth,2024-03-16
10005,Cristian Santos,60,Male,New Justin,2023-06-13
10006,Connie Lawrence,25,Male,Gonzalezberg,2024-04-03
10007,Abigail Shaffer,38,Female,South Geraldmouth,2024-03-04
10008,Gina Moore,56,Female,Port Evelynmouth,2025-02-14
10009,Gabrielle Davis,36,Male,Jennaside,2026-02-07
10010,Ryan Munoz,40,Female,Patriciaburgh,2025-09-05
10011,Monica Herrera,28,Female,Port Michael,2025-03-23
10012,Jamie Arnold,28,Female,North Tracie,2025-05-27
10013,Lisa Hensley,41,Male,East Kristy,2024-03-21
10014,Michele Williams,70,Male,West Angelastad,2023-04-01
10015,Dylan Miller,53,Male,Laraside,2023-11-04
10016,Brian Ramirez,57,Female,New Nicole,2025-04-17
10017,Holly Wood,41,Female,West Raymondfort,2024-04-07
10018,Derek Zuniga,20,Female,Hammondshire,2025-07-29
10019,Lisa Jackson,39,Male,East Teresaland,2025-05-17
10020,Carla Gray,70,Female,Owenshaven,2023-05-11
10021,Margaret Hawkins DDS,19,Female,Davidside,2024-07-12
10022,Patty Perez,41,Female,Port Tammy,2024-06-21
10023,Ethan Adams,61,Female,Shawton,2023-09-18
10024,Tommy Walter,47,Male,New Ericburgh,2024-06-15
10025,Matthew Foster,55,Male,West Sarah,2025-11-10
10026,Judy Baker,19,Female,West Stacey,2024-04-07
10027,Justin Baker,38,Male,Meghanview,2024-05-04
10028,Stephanie Ross,50,Male,Lake Stephanie,2025-09-13
10029,Zachary Hicks,29,Female,Davidport,2025-07-31
10030,Anthony Rodriguez,39,Female,New Danielleshire,2024-12-12
10031,Rebecca Henderson,61,Male,East Donna,2025-06-28
10032,James Ferrell,42,Female,Meganshire,2023-11-22
10033,Tricia Valencia,66,Male,Port Michelleland,2024-07-26
10034,Nathan Maldonado,44,Female,Lake Kelliview,2025-08-11
10035,Debra Davidson,59,Male,Port Ashley,2023-04-25
10036,Jeffrey Chavez,45,Female,South Pamelaside,2023-04-11
10037,Sherri Baker,33,Male,Dawnport,2023-12-31
10038,Cassandra Gaines,32,Male,Sanchezfurt,2023-07-12
10039,Elizabeth Fowler,64,Male,Shawnton,2024-03-28
10040,Brittany Farmer,68,Female,South Robert,2025-11-17
10041,Paula Moreno,61,Male,Harrisberg,2023-09-12
10042,Fred Smith,72,Male,Michellemouth,2023-06-10
10043,Sherry Decker,69,Female,Theresaberg,2026-01-15
10044,Anthony Humphrey,74,Female,Zacharyville,2026-02-23
10045,Angelica Tucker,20,Male,Johnville,2024-03-24
10046,Philip Cannon,54,Male,Shannonberg,2026-03-03
10047,John Pierce,68,Female,North Kellyfurt,2025-11-22
10048,Shane Henderson,24,Female,Wrightburgh,2025-04-30
10049,Joshua Blair,38,Female,Sarahmouth,2024-07-04
10050,Eric Carney,26,Female,Port Erik,2025-03-05
10051,Jessica Holmes,56,Female,Jimenezport,2025-01-13
10052,Danny Morgan,35,Male,Johnsonfurt,2024-07-07
10053,Crystal Robinson,21,Female,Levyborough,2023-05-17
10054,Mark Perez,42,Male,Brandonport,2024-03-16
10055,Shannon Jones,31,Male,Harperfort,2026-02-19
10056,Michael Lewis,67,Male,Amandaville,2024-06-10
10057,Timothy Duncan,26,Female,Andersonview,2024-11-16
10058,Richard Aguirre,43,Male,Kathrynstad,2025-12-28
10059,Brent Jordan,70,Male,South Brettside,2024-10-31
10060,John Daniel,19,Female,West Angela,2025-03-13
10061,Victoria Garcia,37,Male,South Williamside,2024-02-08
10062,Gerald Hensley,45,Male,Marciaville,2023-07-03
10063,Connor West,64,Female,North Phillip,2024-05-23
10064,Donald Wright,24,Male,Angelastad,2024-11-11
10065,Jessica Callahan,61,Male,East Carrie,2024-09-08
10066,Amber Kidd,25,Male,Porterton,2023-05-18
10067,Tracy House,64,Female,East Jenniferfort,2023-03-24
10068,Carol Tucker,52,Female,Hernandezhaven,2023-06-24
10069,James Brown,31,Female,West Sarah,2025-09-07
10070,William Baker,34,Male,Franciscoport,2025-02-02
10071,Jordan Henderson,53,Male,Williamhaven,2024-08-27
10072,Whitney Peters,67,Female,Ericksonport,2023-07-04
10073,Brittney Phillips,57,Male,Cabrerastad,2023-11-01
10074,Lauren Daniels,21,Male,Emilychester,2025-02-16
10075,Amy Silva,19,Female,Lauratown,2026-02-22
10076,Sarah Moore,23,Female,Bakershire,2024-08-20
10077,Angela Lopez,71,Male,Lake Brett,2023-07-24
10078,Megan Young,59,Male,Jacksonfurt,2025-07-27
10079,Steve Sanchez,21,Male,Port Erin,2024-08-17
10080,Lisa Barnes,71,Female,New Stacyville,2025-11-24
10081,Kelly Donovan,46,Female,North Scott,2024-01-04
10082,Mike Allen,35,Female,Hernandezborough,2025-02-20
10083,Michael Evans,43,Female,Shawfort,2024-05-17
10084,Paul Jones,61,Male,Lake Devinborough,2024-04-29
10085,Zachary Ferrell,51,Female,Whitneyfort,2024-05-11
10086,Daniel Baker,27,Female,Edwardsburgh,2023-10-10
10087,Shirley Suarez,53,Female,Barrmouth,2023-05-07
10088,Christopher Bass,31,Female,Ericaview,2024-07-13
10089,Lisa Archer,48,Female,Leebury,2024-01-02
10090,Aimee Montoya,65,Male,Angelabury,2025-09-22
10091,Matthew Mcmillan,32,Male,Kellieborough,2024-11-27
10092,Brian Rodriguez,25,Female,Stewartstad,2023-09-01
10093,Denise Jacobs,31,Male,Keithshire,2025-04-21
10094,Christina Walters,40,Female,Huangfurt,2023-07-03
10095,John Whitehead,74,Female,Stephanieberg,2025-03-21
10096,Anna Henderson,57,Male,Bobbyland,2025-08-21
10097,Aaron Wise,38,Male,Sandraview,2024-06-15
10098,Deborah Figueroa,33,Female,Lewisside,2025-06-26
10099,Jessica Smith,62,Female,Sarahview,2023-11-24
10100,Stephen Mckee,35,Female,North Christina,2023-05-25
10101,Sandra Aguilar,64,Male,East Brent,2024-05-17
10102,Cameron Parker,70,Female,Lake Jesse,2024-10-12
10103,Rebecca Valencia,41,Female,South Markfort,2026-02-10
10104,Christine Wright,43,Female,Lake Kellitown,2025-04-11
10105,Richard Henson,42,Male,South Denise,2026-01-09
10106,Marc Moore,62,Female,Woodsborough,2024-12-06
10107,Sharon Cherry,58,Female,Manuelton,2023-12-03
10108,Sierra Johnson,46,Male,Lake Audreyside,2024-02-10
10109,Evelyn Galvan,32,Female,East Robertburgh,2024-05-25
10110,Sharon Cochran,62,Female,Port Randyfort,2025-10-10
10111,Richard Rodriguez,18,Male,Lake Suzanne,2023-04-27
10112,Shannon Walker,42,Female,Nancytown,2024-12-05
10113,Julia Torres,24,Male,Ashleyville,2024-10-06
10114,Crystal Johnson,26,Male,Justinside,2024-12-05
10115,Garrett Lin,41,Female,Smallberg,2026-03-01
10116,Diana May,18,Female,Nelsonville,2023-08-28
10117,William Herrera,61,Female,Franciscomouth,2026-01-23
10118,Ashley Waller,25,Female,Jennifertown,2024-07-24
10119,Victor Baker,41,Male,Krystalshire,2026-01-23
10120,Jeffrey Chandler,28,Female,East Cheryl,2023-09-19
10121,Larry Dixon,68,Male,Wilcoxhaven,2023-11-07
10122,Kenneth Scott,34,Female,Christopherville,2023-10-17
10123,April Frost,25,Female,East Thomas,2023-05-05
10124,Michelle Harmon,52,Female,North Jose,2023-06-13
10125,Helen Jones,52,Male,South Karen,2025-04-06
10126,Erin Edwards,50,Female,Kevinshire,2023-10-27
10127,Michelle Evans,22,Female,West Desireebury,2025-09-06
10128,Jason Powell,59,Female,Lake Davidport,2023-08-29
10129,Cameron Fisher,56,Female,South Gina,2024-12-31
10130,Megan Orr,58,Male,Hannahport,2024-03-04
10131,Elizabeth Kelley,45,Female,Christinabury,2025-05-24
10132,Dustin Jordan,24,Male,South Eric,2025-08-20
10133,Mary Marshall,26,Male,Robertside,2023-06-23
10134,Daniel Kennedy,25,Male,Toddborough,2024-11-18
10135,Rebecca Jackson,29,Male,Lake Karen,2024-11-14
10136,Jose Schultz,51,Male,New Seanstad,2025-10-13
10137,Robert Potter,50,Male,New Danielside,2024-10-09
10138,Courtney Gonzalez,65,Female,New Amanda,2025-12-19
10139,David Alvarez,72,Male,West Melissa,2023-04-02
10140,Angel Perry,40,Male,Wilsonborough,2025-04-25
10141,Cheyenne Horton,41,Male,Davishaven,2024-12-22
10142,David Douglas Jr.,54,Female,Stokesmouth,2025-07-23
10143,Patricia Rodriguez,52,Female,New Robert,2023-07-21
10144,Christopher Rubio,61,Male,New Stevenport,2023-08-31
10145,Amber Wright,57,Female,South Jonathantown,2024-11-29
10146,Joyce Solis,39,Male,New Charles,2024-12-17
10147,Victoria Larson,44,Male,Cooperland,2026-02-09
10148,Stephanie Salazar,52,Female,North Valeriefort,2023-07-07
10149,Kathy Rivas,18,Male,West Robertberg,2023-07-13
10150,Stephanie Manning,52,Female,Brooksfurt,2025-07-21
10151,David Wright,54,Female,Kanefurt,2025-07-28
10152,Pamela Boyd,64,Male,Millerside,2025-10-25
10153,Denise Jones,31,Male,Lake Michelle,2025-11-08
10154,Devon Flores,20,Female,East Victoriafurt,2025-11-06
10155,Brenda Hall,18,Male,Lake Tiffany,2024-01-03
10156,Michelle Brown,22,Male,Port Andrewport,2025-03-06
10157,Joshua Perry,43,Male,Nunezside,2024-12-05
10158,Jason Stein,72,Female,Patelbury,2024-08-19
10159,Melissa Gates,31,Female,South Michael,2023-09-24
10160,Jamie Smith,56,Male,Jacobville,2024-06-03
10161,Paul Castaneda,44,Female,Port Donnatown,2025-01-25
10162,Jennifer Adkins,26,Female,East Carlos,2025-04-04
10163,Lindsey Walker,32,Female,South Carlaton,2024-06-02
10164,Jeffrey Johnson,32,Female,Lake Bradley,2024-05-26
10165,Michael Powell,43,Female,Youngborough,2025-11-07
10166,John Anderson,59,Male,East Williamport,2025-04-14
10167,Alyssa Long,30,Male,Port Sabrina,2023-05-13
10168,Alyssa Day,68,Male,Barbaramouth,2024-08-21
10169,Joel Williams,49,Female,West Nancy,2024-01-08
10170,Daniel Murphy,56,Female,South Kevin,2024-05-01
10171,Jamie Walton,66,Male,New Stacyburgh,2024-03-24
10172,Darlene Miller,69,Female,Peterston,2025-08-05
10173,Joshua Cooke,49,Male,Shellyfurt,2024-02-23
10174,Matthew Harrington,21,Male,Heatherchester,2025-09-28
10175,Nicole Herring,47,Male,West Nicholas,2025-10-15
10176,Alex Hernandez,54,Female,Allenbury,2025-04-08
10177,Michael Elliott,40,Female,Meredithberg,2026-02-17
10178,Michael Wang,56,Male,Melendezside,2023-11-24
10179,Lawrence Adkins,62,Male,Faulknerside,2024-02-12
10180,Robert Oconnell,32,Male,South John,2025-06-12
10181,Alexander Collins,60,Male,West Deborah,2025-07-15
10182,Tina Sanders,46,Female,Booneland,2024-03-05
10183,Angela Vaughn,53,Female,North Joseph,2025-05-26
10184,Ashley Barton,30,Male,Port Charlesshire,2025-01-11
10185,Lindsay Martinez,49,Male,South Jason,2023-06-25
10186,Dr. Hannah Patterson,24,Female,Kevintown,2024-07-16
10187,Jonathan Peterson,68,Female,East Suzanne,2025-12-15
10188,Samantha Garcia,39,Male,Lake Yvonnefort,2024-06-08
10189,Madison Poole,45,Male,Lake Cassandra,2024-08-31
10190,Jessica Gross,19,Male,South Rose,2024-10-06
10191,Debra Morton,59,Female,Kimberlyfurt,2024-05-02
10192,Karen Graham,62,Female,Fergusonstad,2023-05-20
10193,Debra Christian,74,Female,Josehaven,2025-08-03
10194,Angelica Keith,70,Male,Owensfort,2023-05-30
10195,John Bishop,23,Male,Robinstad,2025-05-05
10196,Allen Rosales,45,Female,Robertshire,2024-06-04
10197,Daniel Salinas,45,Female,Lake Dustin,2025-07-22
10198,Spencer Haynes,61,Male,Angelashire,2024-10-14
10199,Adam Vaughan,61,Female,Phillipsborough,2024-12-02
10200,Nathan Freeman,37,Female,Jerryshire,2023-09-26
10201,Melissa Brewer,47,Male,South Andrea,2025-11-03
10202,Ricky Davis II,28,Female,Jonathanfort,2023-10-25
10203,Elizabeth Perkins,72,Male,Murraystad,2023-05-22
10204,Joseph Coleman,45,Male,East Jennifer,2023-04-25
10205,Erin Warner,42,Male,Whiteside,2023-05-14
10206,David Martinez,56,Male,New Arthurland,2024-04-17
10207,Bryan Herrera,50,Male,Port Adamberg,2023-10-24
10208,Cathy Robinson,18,Male,North Jasmine,2024-04-26
10209,Dr. William Warren,74,Male,East Williamstad,2024-08-09
10210,Brian Lee,44,Female,New Danafort,2024-05-28
10211,Christopher Smith,74,Male,Smithside,2025-12-25
10212,Denise Mccann,69,Male,Smithhaven,2025-04-04
10213,Melissa Martinez,30,Female,Amandaport,2023-12-10
10214,Katherine Salas,58,Female,New Lisachester,2024-09-05
10215,Julie Alexander,20,Female,North Samantha,2024-07-20
10216,Anthony Everett,56,Male,East James,2026-02-04
10217,Rodney Morales,23,Female,Lisaview,2024-08-21
10218,Mark Brown,25,Male,Millerfurt,2024-11-13
10219,Justin Torres,44,Male,Cunninghambury,2024-03-31
10220,Bailey Duran DDS,26,Male,Gabriellaland,2025-09-23
10221,Courtney Mills,54,Male,North Richardfurt,2023-12-28
10222,Jeremy Dalton,50,Female,Browntown,2025-09-15
10223,Elizabeth Oliver DDS,68,Female,North Vincent,2023-06-27
10224,Theresa Clark,59,Male,Newmanmouth,2023-04-19
10225,Matthew Moore,61,Male,New Samanthabury,2023-05-13
10226,Benjamin Smith,41,Male,Port Heather,2025-10-10
10227,Kirk Carter,32,Female,Nelsonland,2025-07-21
10228,Michael Warner,71,Male,Rachelshire,2023-11-09
10229,Michael Bradshaw,49,Male,East Sarahmouth,2023-11-17
10230,Lori Guerrero,49,Female,East Brendafurt,2023-11-21
10231,Jessica Stephens,41,Female,West Franciscobury,2023-11-01
10232,Susan Serrano,58,Male,Rhodesside,2025-03-03
10233,Christopher Parker,69,Female,Patrickberg,2024-10-02
10234,Laura Roberts,66,Female,New Juliestad,2025-10-22
10235,Michael Lyons,66,Male,North Samuelland,2026-02-11
10236,Kathryn Snyder,69,Female,Cassiefurt,2025-04-05
10237,Andrew Reynolds,29,Male,Anthonyview,2024-08-20
10238,David Davis,56,Female,Henrystad,2023-08-12
10239,Sara Johnston,19,Male,Reynoldsshire,2023-09-25
10240,Yvonne Chambers,20,Male,Millerport,2025-08-13
10241,Andrew Avila,66,Male,Lake Charles,2023-11-20
10242,Matthew Moon,54,Female,Ericberg,2025-01-14
10243,Kevin Walters,66,Male,Stewartville,2026-01-16
10244,Brandon Bailey MD,73,Female,North Sherrymouth,2025-05-09
10245,Shannon Rivera,34,Male,Kathleenville,2025-05-05
10246,Donna Landry,66,Male,North Jacob,2024-01-15
10247,Krista Gibson,19,Female,Hawkinshaven,2025-11-25
10248,Frank Cordova,19,Male,Garcialand,2025-10-08
10249,Jose Travis,45,Male,Angelamouth,2024-08-04
10250,Kimberly Gutierrez,71,Female,Smithchester,2023-11-14
10251,Isaiah Avila,40,Male,Maxwellside,2024-02-14
10252,Olivia Harris,54,Male,New Adriana,2024-10-10
10253,Tanya Kim,49,Male,Jacksonview,2025-01-31
10254,Barbara Dudley,50,Male,Josephberg,2024-12-19
10255,Cynthia Moore,18,Female,East Ryanchester,2023-03-28
10256,Kristen Davis,36,Female,Toddland,2026-03-19
10257,Susan Murray MD,19,Male,Johnathanbury,2026-02-11
10258,Kathleen Moran,70,Female,Wheelerborough,2025-09-24
10259,Denise Davenport,61,Male,Rodriguezport,2024-11-24
10260,Mrs. Kristen Reyes,43,Female,South Martinfurt,2024-12-29
10261,Katie Suarez,49,Male,Scottchester,2024-01-23
10262,Desiree Tyler,23,Male,West Malik,2025-04-08
10263,Timothy Romero,49,Male,South Leon,2024-08-28
10264,Diane Evans,72,Male,Novakport,2024-03-22
10265,Yvonne Burns,21,Male,Faulknerbury,2024-01-17
10266,Joshua Reed,72,Male,Nicholasfurt,2024-03-10
10267,Kimberly Gibson,28,Female,Danielshire,2024-01-17
10268,Colin Terry,73,Male,New Wendy,2025-03-08
10269,Cynthia Rowe,34,Female,Lake Katrina,2026-01-26
10270,Patrick Thornton,55,Male,Lake Stevenborough,2025-03-03
10271,Jasmin Alvarado,41,Female,Salinasland,2023-10-12
10272,Veronica Simpson,22,Female,Chambersberg,2024-10-06
10273,Jonathan Lawrence,69,Female,Johnberg,2023-12-08
10274,Shelly Alexander,51,Male,Mccormickland,2023-05-21
10275,Joyce Bowen,23,Male,Ewingfort,2025-10-14
10276,Matthew Moore,39,Female,Fergusonchester,2025-08-23
10277,Wayne Morgan,28,Male,Port Tanyaside,2024-06-04
10278,Marie Christian,65,Female,North Kaylastad,2024-03-04
10279,Shannon James,33,Male,Lake Cheyenne,2023-08-20
10280,Nathan Malone,50,Female,Rasmussenmouth,2023-04-16
10281,Amanda Jones,26,Female,Rodriguezville,2024-09-15
10282,Tammie Bright,23,Male,Jeffreyhaven,2024-02-06
10283,Jessica Garcia,33,Female,South Neil,2025-12-07
10284,Shelia Wallace,46,Male,Bartonshire,2024-06-05
10285,Stephanie Williams,20,Female,West Whitney,2025-06-04
10286,Elaine Brooks,37,Female,Garciachester,2024-12-17
10287,Joseph Knight,53,Male,North Marieberg,2026-03-14
10288,Carolyn Miller,36,Male,Larrymouth,2025-08-30
10289,Lisa Allen,43,Male,New Timothy,2024-03-30
10290,Briana Murray,20,Female,Davismouth,2025-05-09
10291,David Smith,36,Male,Carloston,2025-04-10
10292,Stephanie Byrd,37,Female,North Melindaville,2025-02-16
10293,Jeremy Reed,49,Female,Lake John,2024-08-22
10294,Margaret Coleman,24,Male,New Ethan,2026-01-13
10295,Ryan Gonzalez,69,Male,Mullenbury,2024-04-15
10296,John Young,58,Female,Sotoburgh,2024-02-12
10297,Laura Haney,50,Female,Fosterborough,2023-09-22
10298,William Barrett,57,Male,Vargasfurt,2025-03-09
10299,Keith Jennings,56,Male,Lake Jasonview,2024-11-20
10300,Amber Obrien,35,Male,New Cristianside,2024-02-04
10301,Tanner Mitchell DDS,57,Male,West Mark,2024-08-16
10302,Heather Fields,18,Male,Wilsonfort,2025-06-09
10303,Megan Le,28,Female,Candicefurt,2025-05-22
10304,Sara Fuller,45,Female,West Michaelmouth,2024-11-21
10305,Maria Parker,74,Female,Port Emily,2025-12-14
10306,Kevin Oconnor,42,Female,Samanthashire,2026-01-20
10307,Edward Burgess,67,Male,Lake Dennisville,2025-11-29
10308,Carlos Ryan,40,Male,West Daryl,2025-03-06
10309,Kiara Mcintyre,48,Male,Heatherhaven,2023-11-18
10310,Dawn Summers,47,Female,Barnesberg,2023-11-19
10311,Dr. Paul Morgan,59,Female,Hendersonfort,2025-10-30
10312,Victor Taylor,52,Male,New Garrett,2024-06-22
10313,Shannon Ramsey,24,Male,Donaldmouth,2025-11-15
10314,Tracy Ballard,33,Female,Harveystad,2024-04-30
10315,Richard Smith,43,Female,South Derrickfurt,2024-12-20
10316,Jordan Chambers,65,Male,Ortizfort,2024-08-09
10317,Lauren Carson,74,Male,Mckinneymouth,2023-07-27
10318,Ashley Hall,69,Female,Jacksonshire,2023-05-17
10319,Stephen Hoffman,66,Male,Port Kathleenport,2025-02-12
10320,Connie Brown,19,Male,West Jeffreyport,2024-12-15
10321,Susan Turner,18,Male,Port Stephen,2025-01-28
10322,Charles Shah,65,Female,Dunnville,2024-08-18
10323,Johnathan Davis,29,Female,West Kimberlystad,2023-10-19
10324,Brandy Chavez,22,Female,Port Jenniferside,2023-07-29
10325,Natalie Bautista,54,Female,South Curtis,2025-04-04
10326,Patrick Moore,49,Female,West Nancy,2024-10-20
10327,Brett Burns,72,Female,South Joseland,2024-06-14
10328,Trevor Johnson,26,Female,Grimesville,2025-10-29
10329,Jeremy Sampson,58,Male,East Lisa,2023-09-01
10330,Ariana Jennings,52,Male,Michellechester,2026-03-11
10331,Vanessa Howard,36,Male,New Donald,2024-03-29
10332,Colton Martinez,65,Male,Port Jamie,2026-03-05
10333,Jordan Bates,33,Male,New Michaelview,2025-11-22
10334,Linda Smith,20,Male,West Tiffany,2026-03-05
10335,Dana Martinez,37,Male,Keithview,2023-08-23
10336,Andrea Hubbard,41,Female,East Sydneychester,2025-10-20
10337,Daniel Kane,71,Female,West Michelleberg,2023-10-03
10338,Charles Lester,73,Male,East Dustin,2023-06-16
10339,Scott Thomas,50,Male,Mariafurt,2024-03-18
10340,David Thompson,41,Female,Thomasview,2026-03-05
10341,Allison Smith,69,Male,Brooksland,2024-02-26
10342,Cynthia Morris,28,Male,South Zacharyview,2023-05-22
10343,Anthony Harmon,66,Female,Shawnfort,2024-07-27
10344,Nichole Alvarez,25,Male,Brandiland,2023-11-04
10345,Kayla Rodriguez,53,Female,Reidstad,2025-07-14
10346,Theresa Williams,55,Male,Port Amandaborough,2024-12-10
10347,Sharon Boyd,57,Female,Summersfort,2023-09-09
10348,Victor Brown,37,Female,Marcusport,2025-07-27
10349,James Parks,52,Female,Amyberg,2025-07-21
10350,Theodore Jones Jr.,65,Male,Kramerton,2023-08-08
10351,Ana Hill,42,Female,North Conniemouth,2024-07-07
10352,Kimberly Nguyen,52,Male,North Sarahburgh,2024-07-02
10353,Kerry Chavez DDS,42,Male,Bryantchester,2024-07-02
10354,Michael Farrell,46,Male,Lake Regina,2024-08-24
10355,Patricia Le,35,Male,Erikview,2023-03-25
10356,Jesse Perez,63,Female,Lake Michaelland,2024-10-25
10357,Jesse Perry,35,Female,Elizabethburgh,2025-05-28
10358,Jeffery Ortega,19,Male,South Conniebury,2026-01-24
10359,Christian Leblanc,71,Male,Riosville,2025-11-21
10360,Ronald Davis,52,Female,East Thomasberg,2025-06-26
10361,Parker Cain,33,Male,New Erin,2024-10-22
10362,Laurie Hoffman,58,Female,North Heatherville,2023-04-08
10363,Bryan Gomez,53,Male,Bensonfort,2023-03-24
10364,Nicole Parrish,50,Male,East Patrickville,2025-06-01
10365,Tracy Burke,21,Female,West Michaelport,2023-11-22
10366,Kenneth Lewis,50,Male,South Kiara,2025-11-05
10367,Courtney Rodriguez,31,Female,Lake Victoria,2024-02-25
10368,Holly Farmer,38,Male,North Alyssa,2023-07-10
10369,Renee Bruce,65,Male,New Debramouth,2024-09-21
10370,Sabrina Austin,37,Male,Jenniferberg,2024-02-18
10371,Allison Hickman,73,Female,Jensenmouth,2023-05-30
10372,Debra White,25,Male,North Peggy,2023-05-09
10373,Ellen Morgan,24,Male,Port David,2026-01-22
10374,Sergio Knight,20,Male,Bellchester,2024-07-31
10375,Charles Schultz,34,Male,Kyliebury,2024-10-10
10376,Paul Lewis,50,Female,Deannabury,2024-10-14
10377,Glen Wood,65,Female,Kimberlytown,2024-07-07
10378,Paula Bradley,29,Male,Jamiehaven,2025-04-10
10379,Anthony Moore,68,Female,Lake Peter,2023-08-13
10380,Megan Nelson,39,Male,Port Rachaelbury,2026-03-15
10381,Karla Ramos,72,Male,Cruzbury,2024-09-07
10382,Paul Wilson,39,Male,Littleland,2025-06-19
10383,Douglas Gregory,63,Female,West Sarahberg,2023-09-16
10384,Mr. Andrew Foster,47,Female,Valenciashire,2025-12-07
10385,Aimee Turner,55,Female,Diazburgh,2025-08-25
10386,Chad Scott,55,Female,Bestland,2023-04-09
10387,Adam Burgess,62,Female,New Carlosview,2023-11-20
10388,James Padilla,68,Female,North Sandra,2026-03-03
10389,Sandra Drake,71,Female,Hunterhaven,2023-11-06
10390,Scott Williams,25,Female,Hendersonfurt,2023-04-13
10391,Thomas Atkins,44,Female,Lake Amandaberg,2024-09-23
10392,Laura Mckinney,44,Male,Christopherland,2023-08-01
10393,Brian Smith,51,Female,Port Eric,2025-05-07
10394,Robert Montgomery,38,Female,Peterland,2025-08-04
10395,Tamara Davis,47,Female,Hollybury,2024-05-04
10396,Dana Chapman,50,Female,East Christopherchester,2025-02-18
10397,Jennifer Collins,45,Female,South Cherylton,2025-07-12
10398,Gary Jackson,64,Female,Elizabethburgh,2025-01-30
10399,Ashley Hicks,50,Female,North Jeantown,2024-12-29
10400,Hannah Luna,22,Female,South Stephanie,2023-05-11
10401,Robin Young,65,Female,Garyberg,2023-07-16
10402,Craig Morrison,36,Female,Jessicaville,2025-09-21
10403,Mary Thompson,21,Female,West Lindsayview,2023-05-11
10404,Kathleen Webster,52,Male,West Jennifershire,2023-07-24
10405,Joann Glass,66,Male,South Spencerstad,2024-07-18
10406,Madison Weber,34,Female,South Micheleburgh,2023-08-02
10407,Lori Hernandez,61,Female,Ericville,2023-12-22
10408,Jeremy Turner,45,Male,East Joycetown,2025-04-27
10409,Anthony Romero,47,Female,Port Michellebury,2023-10-31
10410,Jesse Brown,46,Male,South Michaelberg,2025-04-09
10411,Angela Lin,63,Male,Port Austin,2023-03-30
10412,Lisa Hunter,70,Male,Walkerbury,2024-06-23
10413,Julian Conner,23,Male,Moonmouth,2023-07-08
10414,Joanna Pacheco,52,Male,Margaretshire,2024-10-10
10415,Erica Alvarez,58,Female,Davidton,2025-01-30
10416,Antonio Garcia,54,Male,East Linda,2025-04-25
10417,Gwendolyn Klein,41,Female,South Caseymouth,2024-06-21
10418,Carrie Wright,46,Female,Kiaraport,2025-11-28
10419,Jeffrey Mills,66,Male,Christophermouth,2024-09-30
10420,Jake Campbell,63,Male,West Jamesshire,2025-01-24
10421,George Harper,70,Female,Jodibury,2024-01-23
10422,Maria Jones,48,Male,Richardsonfort,2025-07-27
10423,Michael Mitchell,52,Male,Lake Rachel,2024-09-15
10424,Mary Escobar,50,Female,East Adam,2025-01-15
10425,Felicia Aguilar,69,Female,Johnsonside,2025-07-19
10426,Gregory Ponce,38,Male,Cynthiatown,2025-09-16
10427,Jenna Larson,49,Female,Aaronfurt,2026-02-18
10428,Emily Bennett,40,Male,Daltonhaven,2024-04-15
10429,Robin Santiago,50,Male,South Travis,2024-06-11
10430,Nancy Jennings,20,Male,East Jenniferland,2023-09-11
10431,Maria Henderson,35,Female,East Phyllishaven,2024-11-09
10432,Jack White,42,Female,Haynesstad,2025-12-11
10433,Travis Tucker,59,Female,Villegasland,2025-04-12
10434,Chad Jones,48,Female,New Dennisfurt,2024-08-27
10435,Ashley Wise,71,Female,New Ashleychester,2023-12-02
10436,Sophia Johnson,20,Male,East Kelly,2023-04-02
10437,Ralph Anderson,57,Male,Sarafurt,2023-06-25
10438,Christopher Guerra,63,Male,Louisview,2023-07-19
10439,Rhonda Martin,41,Male,North Sherry,2024-12-08
10440,Jason Rhodes,67,Female,Port Kayla,2024-09-11
10441,Jeremy Mitchell,49,Male,East Danielmouth,2026-01-23
10442,Joann Ferguson,64,Female,Edwardsville,2025-07-21
10443,Robert Harrison,39,Male,Tamiborough,2023-06-10
10444,Holly Valentine,40,Female,Parkerview,2025-05-21
10445,Mrs. Diane Reyes,19,Female,North Ericport,2025-12-05
10446,Tracy Montoya,44,Male,East Marymouth,2025-02-23
10447,Brenda Wright,59,Male,North Jennifer,2024-08-01
10448,Shelly Spencer,19,Male,Randyton,2026-02-23
10449,Ryan Rosales,43,Male,Jorgeburgh,2024-01-03
10450,Phillip Nelson,34,Female,South Melissaside,2023-05-13
10451,Brittany Kim,57,Male,North Steven,2025-08-27
10452,Courtney Hayes,50,Male,North Alexander,2025-11-02
10453,Alexander Brown,26,Female,East James,2025-10-09
10454,Cynthia Vang,60,Male,Watsonland,2024-04-17
10455,Alfred Galvan,71,Male,Samanthaland,2025-03-30
10456,Marie Moody,65,Male,North Jamesmouth,2024-06-28
10457,Dustin Gallegos,56,Male,North Rebecca,2023-07-25
10458,Brenda Thornton,46,Male,Davidmouth,2025-10-07
10459,Aaron Miller,59,Female,East Sandrachester,2025-11-19
10460,Ruben Dunn,72,Male,Crawfordfurt,2023-03-30
10461,Kelsey Rodriguez,43,Male,Thompsonborough,2023-08-18
10462,Eric Williams,52,Male,West Joshua,2025-02-26
10463,Riley Bryant,67,Male,North Christina,2024-03-14
10464,Taylor Carlson,42,Male,Lake Kenneth,2025-11-24
10465,Jose Allen,41,Female,Andradefort,2026-01-29
10466,Jeffrey Mendez,30,Male,North Joshuaberg,2024-01-08
10467,Jason Beck,24,Female,Gonzalezhaven,2025-05-31
10468,William Jones,74,Female,Lake Virginia,2024-05-01
10469,Katie Mcneil,53,Male,South Kimberlystad,2024-03-29
10470,Jeanette Harrison,62,Male,Stephensfort,2023-07-22
10471,Veronica King,37,Male,Robertahaven,2024-05-31
10472,Richard Cooper,18,Male,Paulburgh,2024-08-01
10473,Lori Ingram,25,Female,West Carlatown,2025-09-20
10474,Evelyn Williams,63,Male,Brianfort,2025-04-14
10475,Robin Thompson,33,Male,Katiebury,2024-08-25
10476,Julie Dominguez,31,Male,North John,2024-06-24
10477,Robin Brown,29,Male,West Amanda,2025-11-15
10478,Judith Carter,68,Male,Port Wendybury,2023-09-18
10479,Curtis Williams,40,Male,Kellyburgh,2023-08-12
10480,Kaylee Hays,32,Female,East Brittany,2025-05-24
10481,Dawn Mullins,45,Female,Robintown,2026-02-27
10482,Howard Norman,51,Male,Staceyshire,2025-09-30
10483,Evelyn Martinez,19,Male,New Stacy,2023-07-11
10484,Steve Paul,49,Male,Weaverburgh,2025-12-12
10485,Jasmine Beltran,40,Female,Johnsonton,2024-08-30
10486,Jonathan Glass MD,39,Male,New Jeffery,2024-12-02
10487,Monica Miller,68,Female,Smithborough,2024-07-12
10488,Samantha Gardner,42,Male,West Jennifer,2025-01-18
10489,Bobby Guerrero,39,Male,Brianberg,2025-07-20
10490,Lance Simmons,39,Male,Port Daniel,2025-01-18
10491,Heather Williams,66,Male,Susanstad,2025-10-20
10492,Heather Bolton,69,Female,Willismouth,2025-11-08
10493,William Gould,59,Female,Marcusburgh,2025-05-25
10494,Mark Cox,23,Male,Connerfort,2025-11-21
10495,Meghan Cisneros,32,Male,Grantside,2024-08-30
10496,Lawrence Harrington,71,Female,Jeffreyshire,2024-09-04
10497,Austin Osborne,60,Female,South Kurt,2025-11-16
10498,James Bradley,54,Female,Davidtown,2024-07-14
10499,Meghan Rush,50,Female,Rosalesshire,2023-05-28
10500,Phillip Berry,25,Male,East Carriebury,2025-03-06
